"code","phecode_unrolled"
"008","008"
"008.5","008.5"
"008.5","008"
"008.51","008.51"
"008.51","008.5"
"008.51","008"
"008.511","008.511"
"008.511","008.51"
"008.511","008.5"
"008.511","008"
"008.512","008.512"
"008.512","008.51"
"008.512","008.5"
"008.512","008"
"008.513","008.513"
"008.513","008.51"
"008.513","008.5"
"008.513","008"
"008.514","008.514"
"008.514","008.51"
"008.514","008.5"
"008.514","008"
"008.515","008.515"
"008.515","008.51"
"008.515","008.5"
"008.515","008"
"008.516","008.516"
"008.516","008.51"
"008.516","008.5"
"008.516","008"
"008.52","008.52"
"008.52","008.5"
"008.52","008"
"008.6","008.6"
"008.6","008"
"008.7","008.7"
"008.7","008"
"010","010"
"031","031"
"031.1","031.1"
"031.1","031"
"038","038"
"038.1","038.1"
"038.1","038"
"038.2","038.2"
"038.2","038"
"038.3","038.3"
"038.3","038"
"041","041"
"041.1","041.1"
"041.1","041"
"041.11","041.11"
"041.11","041.1"
"041.11","041"
"041.12","041.12"
"041.12","041.1"
"041.12","041"
"041.2","041.2"
"041.2","041"
"041.21","041.21"
"041.21","041.2"
"041.21","041"
"041.4","041.4"
"041.4","041"
"041.8","041.8"
"041.8","041"
"041.9","041.9"
"041.9","041"
"053","053"
"054","054"
"060","060"
"070","070"
"070.1","070.1"
"070.1","070"
"070.2","070.2"
"070.2","070"
"070.3","070.3"
"070.3","070"
"070.4","070.4"
"070.4","070"
"070.9","070.9"
"070.9","070"
"071","071"
"071.1","071.1"
"071.1","071"
"078","078"
"079","079"
"079.1","079.1"
"079.1","079"
"079.2","079.2"
"079.2","079"
"079.3","079.3"
"079.3","079"
"079.4","079.4"
"079.4","079"
"079.5","079.5"
"079.5","079"
"079.6","079.6"
"079.6","079"
"079.7","079.7"
"079.7","079"
"079.8","079.8"
"079.8","079"
"079.9","079.9"
"079.9","079"
"079.A","079.A"
"079.A","079"
"079.B","079.B"
"079.B","079"
"079.C","079.C"
"079.C","079"
"080","080"
"081","081"
"081.1","081.1"
"081.1","081"
"081.11","081.11"
"081.11","081.1"
"081.11","081"
"081.12","081.12"
"081.12","081.1"
"081.12","081"
"090","090"
"090.2","090.2"
"090.2","090"
"090.3","090.3"
"090.3","090"
"1000","1000"
"1001","1001"
"1002","1002"
"1003","1003"
"1004","1004"
"1005","1005"
"1006","1006"
"1007","1007"
"1008","1008"
"1009","1009"
"1010","1010"
"1010.1","1010.1"
"1010.1","1010"
"1010.2","1010.2"
"1010.2","1010"
"1010.3","1010.3"
"1010.3","1010"
"1010.4","1010.4"
"1010.4","1010"
"1010.5","1010.5"
"1010.5","1010"
"1010.6","1010.6"
"1010.6","1010"
"1010.7","1010.7"
"1010.7","1010"
"1011","1011"
"1012","1012"
"1013","1013"
"1014","1014"
"1015","1015"
"1015.1","1015.1"
"1015.1","1015"
"1015.2","1015.2"
"1015.2","1015"
"1019","1019"
"1089","1089"
"1090","1090"
"110","110"
"110.1","110.1"
"110.1","110"
"110.11","110.11"
"110.11","110.1"
"110.11","110"
"110.12","110.12"
"110.12","110.1"
"110.12","110"
"110.13","110.13"
"110.13","110.1"
"110.13","110"
"110.2","110.2"
"110.2","110"
"1100","1100"
"112","112"
"112.3","112.3"
"112.3","112"
"117","117"
"117.1","117.1"
"117.1","117"
"117.2","117.2"
"117.2","117"
"117.3","117.3"
"117.3","117"
"117.4","117.4"
"117.4","117"
"130","130"
"130.1","130.1"
"130.1","130"
"130.2","130.2"
"130.2","130"
"131","131"
"132","132"
"132.1","132.1"
"132.1","132"
"133","133"
"134","134"
"134.1","134.1"
"134.1","134"
"136","136"
"145","145"
"145.1","145.1"
"145.1","145"
"145.2","145.2"
"145.2","145"
"145.3","145.3"
"145.3","145"
"145.4","145.4"
"145.4","145"
"145.5","145.5"
"145.5","145"
"149","149"
"149.1","149.1"
"149.1","149"
"149.2","149.2"
"149.2","149"
"149.3","149.3"
"149.3","149"
"149.4","149.4"
"149.4","149"
"149.9","149.9"
"149.9","149"
"150","150"
"151","151"
"153","153"
"155","155"
"155.1","155.1"
"155.1","155"
"157","157"
"158","158"
"159","159"
"159.2","159.2"
"159.2","159"
"159.3","159.3"
"159.3","159"
"159.4","159.4"
"159.4","159"
"164","164"
"165","165"
"165.1","165.1"
"165.1","165"
"170","170"
"170.1","170.1"
"170.1","170"
"170.2","170.2"
"170.2","170"
"172","172"
"173","173"
"174","174"
"174.1","174.1"
"174.1","174"
"174.11","174.11"
"174.11","174.1"
"174.11","174"
"174.3","174.3"
"174.3","174"
"175","175"
"180","180"
"180.3","180.3"
"180.3","180"
"182","182"
"184","184"
"184.1","184.1"
"184.1","184"
"184.11","184.11"
"184.11","184.1"
"184.11","184"
"184.2","184.2"
"184.2","184"
"185","185"
"187","187"
"187.2","187.2"
"187.2","187"
"187.8","187.8"
"187.8","187"
"189","189"
"190","190"
"191","191"
"191.1","191.1"
"191.1","191"
"191.11","191.11"
"191.11","191.1"
"191.11","191"
"193","193"
"194","194"
"195","195"
"195.1","195.1"
"195.1","195"
"195.3","195.3"
"195.3","195"
"196","196"
"197","197"
"198","198"
"198.1","198.1"
"198.1","198"
"198.2","198.2"
"198.2","198"
"198.3","198.3"
"198.3","198"
"198.4","198.4"
"198.4","198"
"198.5","198.5"
"198.5","198"
"198.6","198.6"
"198.6","198"
"199","199"
"199.4","199.4"
"199.4","199"
"199.41","199.41"
"199.41","199.4"
"199.41","199"
"199.42","199.42"
"199.42","199.4"
"199.42","199"
"199.43","199.43"
"199.43","199.4"
"199.43","199"
"200","200"
"200.1","200.1"
"200.1","200"
"201","201"
"202","202"
"202.2","202.2"
"202.2","202"
"202.21","202.21"
"202.21","202.2"
"202.21","202"
"202.22","202.22"
"202.22","202.2"
"202.22","202"
"202.23","202.23"
"202.23","202.2"
"202.23","202"
"204","204"
"204.1","204.1"
"204.1","204"
"204.11","204.11"
"204.11","204.1"
"204.11","204"
"204.12","204.12"
"204.12","204.1"
"204.12","204"
"204.2","204.2"
"204.2","204"
"204.21","204.21"
"204.21","204.2"
"204.21","204"
"204.22","204.22"
"204.22","204.2"
"204.22","204"
"204.3","204.3"
"204.3","204"
"204.4","204.4"
"204.4","204"
"208","208"
"209","209"
"210","210"
"211","211"
"212","212"
"213","213"
"214","214"
"214.1","214.1"
"214.1","214"
"215","215"
"216","216"
"216.1","216.1"
"216.1","216"
"217","217"
"217.1","217.1"
"217.1","217"
"218","218"
"220","220"
"221","221"
"222","222"
"223","223"
"224","224"
"224.1","224.1"
"224.1","224"
"225","225"
"225.1","225.1"
"225.1","225"
"225.2","225.2"
"225.2","225"
"226","226"
"227","227"
"227.1","227.1"
"227.1","227"
"227.3","227.3"
"227.3","227"
"228","228"
"228.1","228.1"
"228.1","228"
"228.2","228.2"
"228.2","228"
"229","229"
"229.1","229.1"
"229.1","229"
"230","230"
"240","240"
"241","241"
"241.1","241.1"
"241.1","241"
"241.2","241.2"
"241.2","241"
"242","242"
"242.1","242.1"
"242.1","242"
"242.2","242.2"
"242.2","242"
"242.3","242.3"
"242.3","242"
"244","244"
"244.1","244.1"
"244.1","244"
"244.2","244.2"
"244.2","244"
"244.4","244.4"
"244.4","244"
"244.5","244.5"
"244.5","244"
"245","245"
"245.1","245.1"
"245.1","245"
"245.2","245.2"
"245.2","245"
"245.21","245.21"
"245.21","245.2"
"245.21","245"
"246","246"
"246.2","246.2"
"246.2","246"
"246.7","246.7"
"246.7","246"
"249","249"
"250","250"
"250.1","250.1"
"250.1","250"
"250.11","250.11"
"250.11","250.1"
"250.11","250"
"250.12","250.12"
"250.12","250.1"
"250.12","250"
"250.14","250.14"
"250.14","250.1"
"250.14","250"
"250.2","250.2"
"250.2","250"
"250.21","250.21"
"250.21","250.2"
"250.21","250"
"250.22","250.22"
"250.22","250.2"
"250.22","250"
"250.3","250.3"
"250.3","250"
"250.4","250.4"
"250.4","250"
"250.41","250.41"
"250.41","250.4"
"250.41","250"
"250.42","250.42"
"250.42","250.4"
"250.42","250"
"250.5","250.5"
"250.5","250"
"250.7","250.7"
"250.7","250"
"251","251"
"251.1","251.1"
"251.1","251"
"252","252"
"252.1","252.1"
"252.1","252"
"252.2","252.2"
"252.2","252"
"253","253"
"253.1","253.1"
"253.1","253"
"253.11","253.11"
"253.11","253.1"
"253.11","253"
"253.2","253.2"
"253.2","253"
"253.3","253.3"
"253.3","253"
"253.4","253.4"
"253.4","253"
"253.5","253.5"
"253.5","253"
"253.7","253.7"
"253.7","253"
"254","254"
"255","255"
"255.1","255.1"
"255.1","255"
"255.11","255.11"
"255.11","255.1"
"255.11","255"
"255.12","255.12"
"255.12","255.1"
"255.12","255"
"255.2","255.2"
"255.2","255"
"255.21","255.21"
"255.21","255.2"
"255.21","255"
"255.22","255.22"
"255.22","255.2"
"255.22","255"
"255.3","255.3"
"255.3","255"
"256","256"
"256.4","256.4"
"256.4","256"
"257","257"
"257.1","257.1"
"257.1","257"
"258","258"
"259","259"
"259.1","259.1"
"259.1","259"
"259.3","259.3"
"259.3","259"
"259.4","259.4"
"259.4","259"
"259.8","259.8"
"259.8","259"
"260","260"
"260.1","260.1"
"260.1","260"
"260.2","260.2"
"260.2","260"
"260.21","260.21"
"260.21","260.2"
"260.21","260"
"260.22","260.22"
"260.22","260.2"
"260.22","260"
"260.3","260.3"
"260.3","260"
"260.6","260.6"
"260.6","260"
"260.7","260.7"
"260.7","260"
"261","261"
"261.1","261.1"
"261.1","261"
"261.2","261.2"
"261.2","261"
"261.3","261.3"
"261.3","261"
"261.4","261.4"
"261.4","261"
"261.41","261.41"
"261.41","261.4"
"261.41","261"
"262","262"
"263","263"
"264","264"
"264.1","264.1"
"264.1","264"
"264.2","264.2"
"264.2","264"
"264.3","264.3"
"264.3","264"
"264.9","264.9"
"264.9","264"
"269","269"
"270","270"
"270.1","270.1"
"270.1","270"
"270.11","270.11"
"270.11","270.1"
"270.11","270"
"270.12","270.12"
"270.12","270.1"
"270.12","270"
"270.2","270.2"
"270.2","270"
"270.21","270.21"
"270.21","270.2"
"270.21","270"
"270.3","270.3"
"270.3","270"
"270.33","270.33"
"270.33","270.3"
"270.33","270"
"270.34","270.34"
"270.34","270.3"
"270.34","270"
"270.38","270.38"
"270.38","270.3"
"270.38","270"
"271","271"
"271.3","271.3"
"271.3","271"
"271.9","271.9"
"271.9","271"
"272","272"
"272.1","272.1"
"272.1","272"
"272.11","272.11"
"272.11","272.1"
"272.11","272"
"272.12","272.12"
"272.12","272.1"
"272.12","272"
"272.13","272.13"
"272.13","272.1"
"272.13","272"
"272.9","272.9"
"272.9","272"
"274","274"
"275","275"
"275.1","275.1"
"275.1","275"
"275.11","275.11"
"275.11","275.1"
"275.11","275"
"275.2","275.2"
"275.2","275"
"275.3","275.3"
"275.3","275"
"275.5","275.5"
"275.5","275"
"275.51","275.51"
"275.51","275.5"
"275.51","275"
"275.53","275.53"
"275.53","275.5"
"275.53","275"
"275.6","275.6"
"275.6","275"
"276","276"
"276.1","276.1"
"276.1","276"
"276.11","276.11"
"276.11","276.1"
"276.11","276"
"276.12","276.12"
"276.12","276.1"
"276.12","276"
"276.13","276.13"
"276.13","276.1"
"276.13","276"
"276.14","276.14"
"276.14","276.1"
"276.14","276"
"276.4","276.4"
"276.4","276"
"276.41","276.41"
"276.41","276.4"
"276.41","276"
"276.42","276.42"
"276.42","276.4"
"276.42","276"
"276.5","276.5"
"276.5","276"
"276.6","276.6"
"276.6","276"
"276.8","276.8"
"276.8","276"
"277","277"
"277.1","277.1"
"277.1","277"
"277.4","277.4"
"277.4","277"
"277.5","277.5"
"277.5","277"
"277.51","277.51"
"277.51","277.5"
"277.51","277"
"277.6","277.6"
"277.6","277"
"277.7","277.7"
"277.7","277"
"277.8","277.8"
"277.8","277"
"278","278"
"278.1","278.1"
"278.1","278"
"278.11","278.11"
"278.11","278.1"
"278.11","278"
"278.3","278.3"
"278.3","278"
"278.4","278.4"
"278.4","278"
"279","279"
"279.1","279.1"
"279.1","279"
"279.11","279.11"
"279.11","279.1"
"279.11","279"
"279.111","279.111"
"279.111","279.11"
"279.111","279.1"
"279.111","279"
"279.112","279.112"
"279.112","279.11"
"279.112","279.1"
"279.112","279"
"279.113","279.113"
"279.113","279.11"
"279.113","279.1"
"279.113","279"
"279.114","279.114"
"279.114","279.11"
"279.114","279.1"
"279.114","279"
"279.115","279.115"
"279.115","279.11"
"279.115","279.1"
"279.115","279"
"279.116","279.116"
"279.116","279.11"
"279.116","279.1"
"279.116","279"
"279.117","279.117"
"279.117","279.11"
"279.117","279.1"
"279.117","279"
"279.118","279.118"
"279.118","279.11"
"279.118","279.1"
"279.118","279"
"279.2","279.2"
"279.2","279"
"279.7","279.7"
"279.7","279"
"279.8","279.8"
"279.8","279"
"280","280"
"280.1","280.1"
"280.1","280"
"280.2","280.2"
"280.2","280"
"281","281"
"281.1","281.1"
"281.1","281"
"281.12","281.12"
"281.12","281.1"
"281.12","281"
"281.9","281.9"
"281.9","281"
"282","282"
"282.5","282.5"
"282.5","282"
"282.8","282.8"
"282.8","282"
"282.9","282.9"
"282.9","282"
"283","283"
"283.1","283.1"
"283.1","283"
"283.2","283.2"
"283.2","283"
"283.21","283.21"
"283.21","283.2"
"283.21","283"
"284","284"
"284.1","284.1"
"284.1","284"
"284.2","284.2"
"284.2","284"
"285","285"
"285.1","285.1"
"285.1","285"
"285.2","285.2"
"285.2","285"
"285.21","285.21"
"285.21","285.2"
"285.21","285"
"285.22","285.22"
"285.22","285.2"
"285.22","285"
"285.8","285.8"
"285.8","285"
"286","286"
"286.1","286.1"
"286.1","286"
"286.11","286.11"
"286.11","286.1"
"286.11","286"
"286.12","286.12"
"286.12","286.1"
"286.12","286"
"286.13","286.13"
"286.13","286.1"
"286.13","286"
"286.14","286.14"
"286.14","286.1"
"286.14","286"
"286.15","286.15"
"286.15","286.1"
"286.15","286"
"286.2","286.2"
"286.2","286"
"286.4","286.4"
"286.4","286"
"286.5","286.5"
"286.5","286"
"286.6","286.6"
"286.6","286"
"286.7","286.7"
"286.7","286"
"286.8","286.8"
"286.8","286"
"286.81","286.81"
"286.81","286.8"
"286.81","286"
"286.9","286.9"
"286.9","286"
"287","287"
"287.1","287.1"
"287.1","287"
"287.2","287.2"
"287.2","287"
"287.3","287.3"
"287.3","287"
"287.31","287.31"
"287.31","287.3"
"287.31","287"
"287.311","287.311"
"287.311","287.31"
"287.311","287.3"
"287.311","287"
"287.312","287.312"
"287.312","287.31"
"287.312","287.3"
"287.312","287"
"287.313","287.313"
"287.313","287.31"
"287.313","287.3"
"287.313","287"
"287.314","287.314"
"287.314","287.31"
"287.314","287.3"
"287.314","287"
"287.315","287.315"
"287.315","287.31"
"287.315","287.3"
"287.315","287"
"287.32","287.32"
"287.32","287.3"
"287.32","287"
"287.4","287.4"
"287.4","287"
"288","288"
"288.1","288.1"
"288.1","288"
"288.11","288.11"
"288.11","288.1"
"288.11","288"
"288.111","288.111"
"288.111","288.11"
"288.111","288.1"
"288.111","288"
"288.112","288.112"
"288.112","288.11"
"288.112","288.1"
"288.112","288"
"288.113","288.113"
"288.113","288.11"
"288.113","288.1"
"288.113","288"
"288.114","288.114"
"288.114","288.11"
"288.114","288.1"
"288.114","288"
"288.115","288.115"
"288.115","288.11"
"288.115","288.1"
"288.115","288"
"288.116","288.116"
"288.116","288.11"
"288.116","288.1"
"288.116","288"
"288.2","288.2"
"288.2","288"
"288.3","288.3"
"288.3","288"
"289","289"
"289.3","289.3"
"289.3","289"
"289.4","289.4"
"289.4","289"
"289.5","289.5"
"289.5","289"
"289.8","289.8"
"289.8","289"
"289.9","289.9"
"289.9","289"
"290","290"
"290.1","290.1"
"290.1","290"
"290.2","290.2"
"290.2","290"
"290.3","290.3"
"290.3","290"
"291","291"
"291.1","291.1"
"291.1","291"
"291.4","291.4"
"291.4","291"
"291.8","291.8"
"291.8","291"
"292","292"
"292.1","292.1"
"292.1","292"
"292.11","292.11"
"292.11","292.1"
"292.11","292"
"292.12","292.12"
"292.12","292.1"
"292.12","292"
"292.2","292.2"
"292.2","292"
"292.3","292.3"
"292.3","292"
"292.4","292.4"
"292.4","292"
"292.5","292.5"
"292.5","292"
"292.6","292.6"
"292.6","292"
"293","293"
"293.1","293.1"
"293.1","293"
"295","295"
"295.1","295.1"
"295.1","295"
"295.2","295.2"
"295.2","295"
"295.3","295.3"
"295.3","295"
"296","296"
"296.1","296.1"
"296.1","296"
"296.2","296.2"
"296.2","296"
"296.22","296.22"
"296.22","296.2"
"296.22","296"
"297","297"
"297.1","297.1"
"297.1","297"
"297.2","297.2"
"297.2","297"
"300","300"
"300.1","300.1"
"300.1","300"
"300.11","300.11"
"300.11","300.1"
"300.11","300"
"300.12","300.12"
"300.12","300.1"
"300.12","300"
"300.13","300.13"
"300.13","300.1"
"300.13","300"
"300.3","300.3"
"300.3","300"
"300.4","300.4"
"300.4","300"
"300.8","300.8"
"300.8","300"
"300.9","300.9"
"300.9","300"
"301","301"
"301.1","301.1"
"301.1","301"
"301.2","301.2"
"301.2","301"
"302","302"
"303","303"
"303.1","303.1"
"303.1","303"
"303.3","303.3"
"303.3","303"
"303.31","303.31"
"303.31","303.3"
"303.31","303"
"303.4","303.4"
"303.4","303"
"304","304"
"305","305"
"305.1","305.1"
"305.1","305"
"305.2","305.2"
"305.2","305"
"306","306"
"306.1","306.1"
"306.1","306"
"306.9","306.9"
"306.9","306"
"312","312"
"312.1","312.1"
"312.1","312"
"312.3","312.3"
"312.3","312"
"313","313"
"313.1","313.1"
"313.1","313"
"313.2","313.2"
"313.2","313"
"313.3","313.3"
"313.3","313"
"315","315"
"315.1","315.1"
"315.1","315"
"315.11","315.11"
"315.11","315.1"
"315.11","315"
"315.12","315.12"
"315.12","315.1"
"315.12","315"
"315.13","315.13"
"315.13","315.1"
"315.13","315"
"315.2","315.2"
"315.2","315"
"315.21","315.21"
"315.21","315.2"
"315.21","315"
"315.22","315.22"
"315.22","315.2"
"315.22","315"
"315.23","315.23"
"315.23","315.2"
"315.23","315"
"315.24","315.24"
"315.24","315.2"
"315.24","315"
"315.3","315.3"
"315.3","315"
"315.31","315.31"
"315.31","315.3"
"315.31","315"
"315.32","315.32"
"315.32","315.3"
"315.32","315"
"315.33","315.33"
"315.33","315.3"
"315.33","315"
"315.4","315.4"
"315.4","315"
"316","316"
"316.1","316.1"
"316.1","316"
"317","317"
"317.1","317.1"
"317.1","317"
"318","318"
"320","320"
"320.1","320.1"
"320.1","320"
"320.2","320.2"
"320.2","320"
"320.3","320.3"
"320.3","320"
"320.4","320.4"
"320.4","320"
"323","323"
"323.2","323.2"
"323.2","323"
"323.8","323.8"
"323.8","323"
"324","324"
"325","325"
"327","327"
"327.1","327.1"
"327.1","327"
"327.3","327.3"
"327.3","327"
"327.31","327.31"
"327.31","327.3"
"327.31","327"
"327.311","327.311"
"327.311","327.31"
"327.311","327.3"
"327.311","327"
"327.312","327.312"
"327.312","327.31"
"327.312","327.3"
"327.312","327"
"327.313","327.313"
"327.313","327.31"
"327.313","327.3"
"327.313","327"
"327.314","327.314"
"327.314","327.31"
"327.314","327.3"
"327.314","327"
"327.315","327.315"
"327.315","327.31"
"327.315","327.3"
"327.315","327"
"327.316","327.316"
"327.316","327.31"
"327.316","327.3"
"327.316","327"
"327.32","327.32"
"327.32","327.3"
"327.32","327"
"327.4","327.4"
"327.4","327"
"327.41","327.41"
"327.41","327.4"
"327.41","327"
"327.5","327.5"
"327.5","327"
"327.6","327.6"
"327.6","327"
"327.7","327.7"
"327.7","327"
"327.71","327.71"
"327.71","327.7"
"327.71","327"
"331","331"
"331.1","331.1"
"331.1","331"
"331.9","331.9"
"331.9","331"
"332","332"
"333","333"
"333.1","333.1"
"333.1","333"
"333.2","333.2"
"333.2","333"
"333.3","333.3"
"333.3","333"
"333.4","333.4"
"333.4","333"
"333.8","333.8"
"333.8","333"
"334","334"
"334.1","334.1"
"334.1","334"
"334.2","334.2"
"334.2","334"
"335","335"
"337","337"
"337.1","337.1"
"337.1","337"
"338","338"
"338.1","338.1"
"338.1","338"
"338.2","338.2"
"338.2","338"
"339","339"
"340","340"
"340.1","340.1"
"340.1","340"
"341","341"
"342","342"
"343","343"
"343.1","343.1"
"343.1","343"
"343.2","343.2"
"343.2","343"
"343.3","343.3"
"343.3","343"
"343.4","343.4"
"343.4","343"
"343.5","343.5"
"343.5","343"
"344","344"
"345","345"
"345.1","345.1"
"345.1","345"
"345.11","345.11"
"345.11","345.1"
"345.11","345"
"345.111","345.111"
"345.111","345.11"
"345.111","345.1"
"345.111","345"
"345.112","345.112"
"345.112","345.11"
"345.112","345.1"
"345.112","345"
"345.113","345.113"
"345.113","345.11"
"345.113","345.1"
"345.113","345"
"345.114","345.114"
"345.114","345.11"
"345.114","345.1"
"345.114","345"
"345.115","345.115"
"345.115","345.11"
"345.115","345.1"
"345.115","345"
"345.12","345.12"
"345.12","345.1"
"345.12","345"
"345.121","345.121"
"345.121","345.12"
"345.121","345.1"
"345.121","345"
"345.122","345.122"
"345.122","345.12"
"345.122","345.1"
"345.122","345"
"345.123","345.123"
"345.123","345.12"
"345.123","345.1"
"345.123","345"
"345.124","345.124"
"345.124","345.12"
"345.124","345.1"
"345.124","345"
"345.125","345.125"
"345.125","345.12"
"345.125","345.1"
"345.125","345"
"345.126","345.126"
"345.126","345.12"
"345.126","345.1"
"345.126","345"
"345.127","345.127"
"345.127","345.12"
"345.127","345.1"
"345.127","345"
"345.128","345.128"
"345.128","345.12"
"345.128","345.1"
"345.128","345"
"345.13","345.13"
"345.13","345.1"
"345.13","345"
"345.14","345.14"
"345.14","345.1"
"345.14","345"
"345.15","345.15"
"345.15","345.1"
"345.15","345"
"345.3","345.3"
"345.3","345"
"345.31","345.31"
"345.31","345.3"
"345.31","345"
"345.32","345.32"
"345.32","345.3"
"345.32","345"
"346","346"
"346.1","346.1"
"346.1","346"
"346.2","346.2"
"346.2","346"
"346.3","346.3"
"346.3","346"
"347","347"
"348","348"
"348.2","348.2"
"348.2","348"
"348.4","348.4"
"348.4","348"
"348.7","348.7"
"348.7","348"
"348.8","348.8"
"348.8","348"
"348.9","348.9"
"348.9","348"
"349","349"
"350","350"
"350.1","350.1"
"350.1","350"
"350.2","350.2"
"350.2","350"
"350.3","350.3"
"350.3","350"
"350.5","350.5"
"350.5","350"
"350.6","350.6"
"350.6","350"
"351","351"
"352","352"
"352.1","352.1"
"352.1","352"
"352.2","352.2"
"352.2","352"
"353","353"
"353.1","353.1"
"353.1","353"
"353.2","353.2"
"353.2","353"
"355","355"
"355.1","355.1"
"355.1","355"
"356","356"
"357","357"
"358","358"
"358.1","358.1"
"358.1","358"
"359","359"
"359.1","359.1"
"359.1","359"
"359.2","359.2"
"359.2","359"
"360","360"
"360.2","360.2"
"360.2","360"
"360.3","360.3"
"360.3","360"
"361","361"
"361.1","361.1"
"361.1","361"
"361.2","361.2"
"361.2","361"
"362","362"
"362.1","362.1"
"362.1","362"
"362.11","362.11"
"362.11","362.1"
"362.11","362"
"362.12","362.12"
"362.12","362.1"
"362.12","362"
"362.13","362.13"
"362.13","362.1"
"362.13","362"
"362.14","362.14"
"362.14","362.1"
"362.14","362"
"362.15","362.15"
"362.15","362.1"
"362.15","362"
"362.16","362.16"
"362.16","362.1"
"362.16","362"
"362.2","362.2"
"362.2","362"
"362.23","362.23"
"362.23","362.2"
"362.23","362"
"362.26","362.26"
"362.26","362.2"
"362.26","362"
"362.3","362.3"
"362.3","362"
"362.4","362.4"
"362.4","362"
"362.6","362.6"
"362.6","362"
"362.7","362.7"
"362.7","362"
"362.8","362.8"
"362.8","362"
"362.9","362.9"
"362.9","362"
"363","363"
"363.3","363.3"
"363.3","363"
"364","364"
"364.1","364.1"
"364.1","364"
"364.2","364.2"
"364.2","364"
"364.4","364.4"
"364.4","364"
"364.41","364.41"
"364.41","364.4"
"364.41","364"
"364.5","364.5"
"364.5","364"
"364.9","364.9"
"364.9","364"
"365","365"
"365.1","365.1"
"365.1","365"
"365.11","365.11"
"365.11","365.1"
"365.11","365"
"365.2","365.2"
"365.2","365"
"366","366"
"366.1","366.1"
"366.1","366"
"366.2","366.2"
"366.2","366"
"366.3","366.3"
"366.3","366"
"367","367"
"367.1","367.1"
"367.1","367"
"367.2","367.2"
"367.2","367"
"367.4","367.4"
"367.4","367"
"367.8","367.8"
"367.8","367"
"367.9","367.9"
"367.9","367"
"368","368"
"368.1","368.1"
"368.1","368"
"368.11","368.11"
"368.11","368.1"
"368.11","368"
"368.12","368.12"
"368.12","368.1"
"368.12","368"
"368.13","368.13"
"368.13","368.1"
"368.13","368"
"368.14","368.14"
"368.14","368.1"
"368.14","368"
"368.2","368.2"
"368.2","368"
"368.3","368.3"
"368.3","368"
"368.4","368.4"
"368.4","368"
"368.5","368.5"
"368.5","368"
"368.9","368.9"
"368.9","368"
"368.91","368.91"
"368.91","368.9"
"368.91","368"
"369","369"
"369.1","369.1"
"369.1","369"
"369.2","369.2"
"369.2","369"
"369.5","369.5"
"369.5","369"
"370","370"
"370.1","370.1"
"370.1","370"
"370.2","370.2"
"370.2","370"
"370.3","370.3"
"370.3","370"
"370.31","370.31"
"370.31","370.3"
"370.31","370"
"371","371"
"371.1","371.1"
"371.1","371"
"371.2","371.2"
"371.2","371"
"371.21","371.21"
"371.21","371.2"
"371.21","371"
"371.3","371.3"
"371.3","371"
"371.33","371.33"
"371.33","371.3"
"371.33","371"
"371.9","371.9"
"371.9","371"
"372","372"
"374","374"
"374.1","374.1"
"374.1","374"
"374.2","374.2"
"374.2","374"
"374.3","374.3"
"374.3","374"
"375","375"
"375.1","375.1"
"375.1","375"
"375.2","375.2"
"375.2","375"
"375.3","375.3"
"375.3","375"
"376","376"
"377","377"
"377.1","377.1"
"377.1","377"
"377.2","377.2"
"377.2","377"
"377.3","377.3"
"377.3","377"
"378","378"
"378.1","378.1"
"378.1","378"
"378.11","378.11"
"378.11","378.1"
"378.11","378"
"378.12","378.12"
"378.12","378.1"
"378.12","378"
"378.13","378.13"
"378.13","378.1"
"378.13","378"
"378.2","378.2"
"378.2","378"
"378.5","378.5"
"378.5","378"
"379","379"
"379.1","379.1"
"379.1","379"
"379.2","379.2"
"379.2","379"
"379.3","379.3"
"379.3","379"
"379.4","379.4"
"379.4","379"
"379.5","379.5"
"379.5","379"
"379.51","379.51"
"379.51","379.5"
"379.51","379"
"379.9","379.9"
"379.9","379"
"380","380"
"380.1","380.1"
"380.1","380"
"380.4","380.4"
"380.4","380"
"381","381"
"381.1","381.1"
"381.1","381"
"381.11","381.11"
"381.11","381.1"
"381.11","381"
"381.2","381.2"
"381.2","381"
"381.3","381.3"
"381.3","381"
"381.9","381.9"
"381.9","381"
"382","382"
"383","383"
"384","384"
"384.1","384.1"
"384.1","384"
"384.4","384.4"
"384.4","384"
"385","385"
"385.3","385.3"
"385.3","385"
"385.5","385.5"
"385.5","385"
"386","386"
"386.1","386.1"
"386.1","386"
"386.2","386.2"
"386.2","386"
"386.21","386.21"
"386.21","386.2"
"386.21","386"
"386.3","386.3"
"386.3","386"
"386.9","386.9"
"386.9","386"
"388","388"
"389","389"
"389.1","389.1"
"389.1","389"
"389.2","389.2"
"389.2","389"
"389.3","389.3"
"389.3","389"
"389.4","389.4"
"389.4","389"
"389.5","389.5"
"389.5","389"
"394","394"
"394.1","394.1"
"394.1","394"
"394.2","394.2"
"394.2","394"
"394.3","394.3"
"394.3","394"
"394.4","394.4"
"394.4","394"
"394.7","394.7"
"394.7","394"
"395","395"
"395.1","395.1"
"395.1","395"
"395.2","395.2"
"395.2","395"
"395.3","395.3"
"395.3","395"
"395.4","395.4"
"395.4","395"
"395.6","395.6"
"395.6","395"
"396","396"
"401","401"
"401.1","401.1"
"401.1","401"
"401.2","401.2"
"401.2","401"
"401.21","401.21"
"401.21","401.2"
"401.21","401"
"401.22","401.22"
"401.22","401.2"
"401.22","401"
"401.3","401.3"
"401.3","401"
"402","402"
"411","411"
"411.2","411.2"
"411.2","411"
"411.3","411.3"
"411.3","411"
"411.4","411.4"
"411.4","411"
"411.41","411.41"
"411.41","411.4"
"411.41","411"
"411.8","411.8"
"411.8","411"
"414","414"
"414.2","414.2"
"414.2","414"
"415","415"
"415.1","415.1"
"415.1","415"
"415.11","415.11"
"415.11","415.1"
"415.11","415"
"415.2","415.2"
"415.2","415"
"415.21","415.21"
"415.21","415.2"
"415.21","415"
"416","416"
"418","418"
"418.1","418.1"
"418.1","418"
"420","420"
"420.1","420.1"
"420.1","420"
"420.2","420.2"
"420.2","420"
"420.3","420.3"
"420.3","420"
"425","425"
"425.1","425.1"
"425.1","425"
"425.11","425.11"
"425.11","425.1"
"425.11","425"
"425.12","425.12"
"425.12","425.1"
"425.12","425"
"425.2","425.2"
"425.2","425"
"426","426"
"426.2","426.2"
"426.2","426"
"426.21","426.21"
"426.21","426.2"
"426.21","426"
"426.22","426.22"
"426.22","426.2"
"426.22","426"
"426.23","426.23"
"426.23","426.2"
"426.23","426"
"426.24","426.24"
"426.24","426.2"
"426.24","426"
"426.25","426.25"
"426.25","426.2"
"426.25","426"
"426.3","426.3"
"426.3","426"
"426.31","426.31"
"426.31","426.3"
"426.31","426"
"426.32","426.32"
"426.32","426.3"
"426.32","426"
"426.4","426.4"
"426.4","426"
"426.7","426.7"
"426.7","426"
"426.8","426.8"
"426.8","426"
"426.9","426.9"
"426.9","426"
"426.91","426.91"
"426.91","426.9"
"426.91","426"
"426.92","426.92"
"426.92","426.9"
"426.92","426"
"427","427"
"427.1","427.1"
"427.1","427"
"427.11","427.11"
"427.11","427.1"
"427.11","427"
"427.12","427.12"
"427.12","427.1"
"427.12","427"
"427.2","427.2"
"427.2","427"
"427.21","427.21"
"427.21","427.2"
"427.21","427"
"427.22","427.22"
"427.22","427.2"
"427.22","427"
"427.3","427.3"
"427.3","427"
"427.4","427.4"
"427.4","427"
"427.41","427.41"
"427.41","427.4"
"427.41","427"
"427.42","427.42"
"427.42","427.4"
"427.42","427"
"427.5","427.5"
"427.5","427"
"427.6","427.6"
"427.6","427"
"427.61","427.61"
"427.61","427.6"
"427.61","427"
"427.7","427.7"
"427.7","427"
"427.8","427.8"
"427.8","427"
"427.9","427.9"
"427.9","427"
"428","428"
"428.1","428.1"
"428.1","428"
"428.2","428.2"
"428.2","428"
"428.3","428.3"
"428.3","428"
"428.4","428.4"
"428.4","428"
"429","429"
"429.1","429.1"
"429.1","429"
"429.2","429.2"
"429.2","429"
"429.3","429.3"
"429.3","429"
"429.9","429.9"
"429.9","429"
"430","430"
"430.1","430.1"
"430.1","430"
"430.2","430.2"
"430.2","430"
"430.3","430.3"
"430.3","430"
"433","433"
"433.1","433.1"
"433.1","433"
"433.11","433.11"
"433.11","433.1"
"433.11","433"
"433.2","433.2"
"433.2","433"
"433.21","433.21"
"433.21","433.2"
"433.21","433"
"433.3","433.3"
"433.3","433"
"433.31","433.31"
"433.31","433.3"
"433.31","433"
"433.32","433.32"
"433.32","433.3"
"433.32","433"
"433.5","433.5"
"433.5","433"
"433.6","433.6"
"433.6","433"
"433.8","433.8"
"433.8","433"
"440","440"
"440.1","440.1"
"440.1","440"
"440.2","440.2"
"440.2","440"
"441","441"
"441.1","441.1"
"441.1","441"
"441.2","441.2"
"441.2","441"
"442","442"
"442.1","442.1"
"442.1","442"
"442.4","442.4"
"442.4","442"
"442.8","442.8"
"442.8","442"
"443","443"
"443.1","443.1"
"443.1","443"
"443.8","443.8"
"443.8","443"
"443.9","443.9"
"443.9","443"
"444","444"
"444.1","444.1"
"444.1","444"
"444.2","444.2"
"444.2","444"
"444.5","444.5"
"444.5","444"
"446","446"
"446.2","446.2"
"446.2","446"
"446.4","446.4"
"446.4","446"
"446.6","446.6"
"446.6","446"
"446.7","446.7"
"446.7","446"
"446.8","446.8"
"446.8","446"
"446.9","446.9"
"446.9","446"
"447","447"
"447.1","447.1"
"447.1","447"
"447.7","447.7"
"447.7","447"
"448","448"
"450","450"
"451","451"
"451.2","451.2"
"451.2","451"
"452","452"
"452.1","452.1"
"452.1","452"
"452.2","452.2"
"452.2","452"
"454","454"
"454.1","454.1"
"454.1","454"
"455","455"
"456","456"
"457","457"
"457.3","457.3"
"457.3","457"
"458","458"
"458.1","458.1"
"458.1","458"
"458.2","458.2"
"458.2","458"
"458.9","458.9"
"458.9","458"
"459","459"
"459.1","459.1"
"459.1","459"
"459.7","459.7"
"459.7","459"
"459.9","459.9"
"459.9","459"
"464","464"
"465","465"
"465.1","465.1"
"465.1","465"
"465.2","465.2"
"465.2","465"
"465.3","465.3"
"465.3","465"
"465.4","465.4"
"465.4","465"
"470","470"
"471","471"
"472","472"
"473","473"
"473.1","473.1"
"473.1","473"
"473.3","473.3"
"473.3","473"
"473.4","473.4"
"473.4","473"
"474","474"
"474.1","474.1"
"474.1","474"
"474.2","474.2"
"474.2","474"
"474.21","474.21"
"474.21","474.2"
"474.21","474"
"474.22","474.22"
"474.22","474.2"
"474.22","474"
"474.23","474.23"
"474.23","474.2"
"474.23","474"
"475","475"
"475.9","475.9"
"475.9","475"
"476","476"
"477","477"
"478","478"
"479","479"
"479.1","479.1"
"479.1","479"
"479.2","479.2"
"479.2","479"
"479.3","479.3"
"479.3","479"
"479.4","479.4"
"479.4","479"
"479.5","479.5"
"479.5","479"
"479.6","479.6"
"479.6","479"
"480","480"
"480.1","480.1"
"480.1","480"
"480.11","480.11"
"480.11","480.1"
"480.11","480"
"480.12","480.12"
"480.12","480.1"
"480.12","480"
"480.13","480.13"
"480.13","480.1"
"480.13","480"
"480.2","480.2"
"480.2","480"
"480.3","480.3"
"480.3","480"
"480.5","480.5"
"480.5","480"
"481","481"
"481.1","481.1"
"481.1","481"
"481.2","481.2"
"481.2","481"
"482","482"
"483","483"
"483.2","483.2"
"483.2","483"
"483.3","483.3"
"483.3","483"
"483.4","483.4"
"483.4","483"
"495","495"
"495.1","495.1"
"495.1","495"
"495.11","495.11"
"495.11","495.1"
"495.11","495"
"495.2","495.2"
"495.2","495"
"496","496"
"496.1","496.1"
"496.1","496"
"496.2","496.2"
"496.2","496"
"496.21","496.21"
"496.21","496.2"
"496.21","496"
"496.3","496.3"
"496.3","496"
"497","497"
"498","498"
"499","499"
"500","500"
"500.1","500.1"
"500.1","500"
"500.2","500.2"
"500.2","500"
"501","501"
"502","502"
"503","503"
"504","504"
"504.1","504.1"
"504.1","504"
"505","505"
"506","506"
"507","507"
"508","508"
"509","509"
"509.1","509.1"
"509.1","509"
"509.2","509.2"
"509.2","509"
"509.3","509.3"
"509.3","509"
"509.5","509.5"
"509.5","509"
"509.8","509.8"
"509.8","509"
"510","510"
"510.2","510.2"
"510.2","510"
"512","512"
"512.1","512.1"
"512.1","512"
"512.2","512.2"
"512.2","512"
"512.3","512.3"
"512.3","512"
"512.7","512.7"
"512.7","512"
"512.8","512.8"
"512.8","512"
"512.9","512.9"
"512.9","512"
"513","513"
"513.3","513.3"
"513.3","513"
"513.31","513.31"
"513.31","513.3"
"513.31","513"
"513.32","513.32"
"513.32","513.3"
"513.32","513"
"513.4","513.4"
"513.4","513"
"513.8","513.8"
"513.8","513"
"514","514"
"514.1","514.1"
"514.1","514"
"514.2","514.2"
"514.2","514"
"516","516"
"516.1","516.1"
"516.1","516"
"519","519"
"519.1","519.1"
"519.1","519"
"519.2","519.2"
"519.2","519"
"519.8","519.8"
"519.8","519"
"519.9","519.9"
"519.9","519"
"520","520"
"520.1","520.1"
"520.1","520"
"520.2","520.2"
"520.2","520"
"520.3","520.3"
"520.3","520"
"521","521"
"521.1","521.1"
"521.1","521"
"521.2","521.2"
"521.2","521"
"521.4","521.4"
"521.4","521"
"522","522"
"522.1","522.1"
"522.1","522"
"522.5","522.5"
"522.5","522"
"523","523"
"523.1","523.1"
"523.1","523"
"523.3","523.3"
"523.3","523"
"523.31","523.31"
"523.31","523.3"
"523.31","523"
"523.32","523.32"
"523.32","523.3"
"523.32","523"
"524","524"
"524.3","524.3"
"524.3","524"
"525","525"
"525.1","525.1"
"525.1","525"
"525.2","525.2"
"525.2","525"
"526","526"
"526.1","526.1"
"526.1","526"
"526.3","526.3"
"526.3","526"
"526.4","526.4"
"526.4","526"
"526.41","526.41"
"526.41","526.4"
"526.41","526"
"526.42","526.42"
"526.42","526.4"
"526.42","526"
"526.5","526.5"
"526.5","526"
"526.9","526.9"
"526.9","526"
"527","527"
"527.1","527.1"
"527.1","527"
"527.2","527.2"
"527.2","527"
"527.7","527.7"
"527.7","527"
"527.8","527.8"
"527.8","527"
"528","528"
"528.1","528.1"
"528.1","528"
"528.11","528.11"
"528.11","528.1"
"528.11","528"
"528.12","528.12"
"528.12","528.1"
"528.12","528"
"528.3","528.3"
"528.3","528"
"528.4","528.4"
"528.4","528"
"528.41","528.41"
"528.41","528.4"
"528.41","528"
"528.5","528.5"
"528.5","528"
"528.6","528.6"
"528.6","528"
"528.7","528.7"
"528.7","528"
"529","529"
"529.1","529.1"
"529.1","529"
"529.6","529.6"
"529.6","529"
"530","530"
"530.1","530.1"
"530.1","530"
"530.11","530.11"
"530.11","530.1"
"530.11","530"
"530.12","530.12"
"530.12","530.1"
"530.12","530"
"530.14","530.14"
"530.14","530.1"
"530.14","530"
"530.15","530.15"
"530.15","530.1"
"530.15","530"
"530.2","530.2"
"530.2","530"
"530.3","530.3"
"530.3","530"
"530.5","530.5"
"530.5","530"
"530.7","530.7"
"530.7","530"
"530.9","530.9"
"530.9","530"
"531","531"
"531.1","531.1"
"531.1","531"
"531.2","531.2"
"531.2","531"
"531.3","531.3"
"531.3","531"
"531.4","531.4"
"531.4","531"
"532","532"
"535","535"
"535.1","535.1"
"535.1","535"
"535.2","535.2"
"535.2","535"
"535.6","535.6"
"535.6","535"
"535.8","535.8"
"535.8","535"
"535.9","535.9"
"535.9","535"
"536","536"
"536.3","536.3"
"536.3","536"
"536.7","536.7"
"536.7","536"
"536.8","536.8"
"536.8","536"
"537","537"
"539","539"
"540","540"
"540.1","540.1"
"540.1","540"
"540.11","540.11"
"540.11","540.1"
"540.11","540"
"550","550"
"550.1","550.1"
"550.1","550"
"550.2","550.2"
"550.2","550"
"550.3","550.3"
"550.3","550"
"550.4","550.4"
"550.4","550"
"550.5","550.5"
"550.5","550"
"550.6","550.6"
"550.6","550"
"555","555"
"555.1","555.1"
"555.1","555"
"555.2","555.2"
"555.2","555"
"555.21","555.21"
"555.21","555.2"
"555.21","555"
"556","556"
"556.1","556.1"
"556.1","556"
"557","557"
"557.1","557.1"
"557.1","557"
"558","558"
"559","559"
"560","560"
"560.1","560.1"
"560.1","560"
"560.2","560.2"
"560.2","560"
"560.21","560.21"
"560.21","560.2"
"560.21","560"
"560.22","560.22"
"560.22","560.2"
"560.22","560"
"560.3","560.3"
"560.3","560"
"560.4","560.4"
"560.4","560"
"560.41","560.41"
"560.41","560.4"
"560.41","560"
"560.42","560.42"
"560.42","560.4"
"560.42","560"
"561","561"
"561.1","561.1"
"561.1","561"
"561.2","561.2"
"561.2","561"
"562","562"
"562.1","562.1"
"562.1","562"
"563","563"
"564","564"
"564.1","564.1"
"564.1","564"
"564.8","564.8"
"564.8","564"
"564.9","564.9"
"564.9","564"
"565","565"
"565.1","565.1"
"565.1","565"
"567","567"
"568","568"
"568.1","568.1"
"568.1","568"
"569","569"
"569.1","569.1"
"569.1","569"
"569.2","569.2"
"569.2","569"
"571","571"
"571.5","571.5"
"571.5","571"
"571.51","571.51"
"571.51","571.5"
"571.51","571"
"571.6","571.6"
"571.6","571"
"571.8","571.8"
"571.8","571"
"571.81","571.81"
"571.81","571.8"
"571.81","571"
"572","572"
"573","573"
"573.1","573.1"
"573.1","573"
"573.2","573.2"
"573.2","573"
"573.3","573.3"
"573.3","573"
"573.4","573.4"
"573.4","573"
"573.5","573.5"
"573.5","573"
"573.6","573.6"
"573.6","573"
"573.7","573.7"
"573.7","573"
"573.9","573.9"
"573.9","573"
"574","574"
"574.1","574.1"
"574.1","574"
"574.11","574.11"
"574.11","574.1"
"574.11","574"
"574.12","574.12"
"574.12","574.1"
"574.12","574"
"574.2","574.2"
"574.2","574"
"574.3","574.3"
"574.3","574"
"575","575"
"575.1","575.1"
"575.1","575"
"575.2","575.2"
"575.2","575"
"575.6","575.6"
"575.6","575"
"575.7","575.7"
"575.7","575"
"575.8","575.8"
"575.8","575"
"575.9","575.9"
"575.9","575"
"577","577"
"577.1","577.1"
"577.1","577"
"577.2","577.2"
"577.2","577"
"577.3","577.3"
"577.3","577"
"578","578"
"578.1","578.1"
"578.1","578"
"578.2","578.2"
"578.2","578"
"578.8","578.8"
"578.8","578"
"578.9","578.9"
"578.9","578"
"579","579"
"579.2","579.2"
"579.2","579"
"579.8","579.8"
"579.8","579"
"580","580"
"580.1","580.1"
"580.1","580"
"580.11","580.11"
"580.11","580.1"
"580.11","580"
"580.12","580.12"
"580.12","580.1"
"580.12","580"
"580.13","580.13"
"580.13","580.1"
"580.13","580"
"580.14","580.14"
"580.14","580.1"
"580.14","580"
"580.2","580.2"
"580.2","580"
"580.3","580.3"
"580.3","580"
"580.31","580.31"
"580.31","580.3"
"580.31","580"
"580.32","580.32"
"580.32","580.3"
"580.32","580"
"580.4","580.4"
"580.4","580"
"583","583"
"584","584"
"584.1","584.1"
"584.1","584"
"584.2","584.2"
"584.2","584"
"585","585"
"585.1","585.1"
"585.1","585"
"585.2","585.2"
"585.2","585"
"585.3","585.3"
"585.3","585"
"585.31","585.31"
"585.31","585.3"
"585.31","585"
"585.32","585.32"
"585.32","585.3"
"585.32","585"
"585.4","585.4"
"585.4","585"
"586","586"
"586.1","586.1"
"586.1","586"
"586.11","586.11"
"586.11","586.1"
"586.11","586"
"586.12","586.12"
"586.12","586.1"
"586.12","586"
"586.2","586.2"
"586.2","586"
"586.3","586.3"
"586.3","586"
"586.4","586.4"
"586.4","586"
"587","587"
"588","588"
"588.1","588.1"
"588.1","588"
"588.2","588.2"
"588.2","588"
"589","589"
"590","590"
"591","591"
"592","592"
"592.1","592.1"
"592.1","592"
"592.11","592.11"
"592.11","592.1"
"592.11","592"
"592.12","592.12"
"592.12","592.1"
"592.12","592"
"592.13","592.13"
"592.13","592.1"
"592.13","592"
"592.2","592.2"
"592.2","592"
"593","593"
"593.1","593.1"
"593.1","593"
"593.2","593.2"
"593.2","593"
"594","594"
"594.1","594.1"
"594.1","594"
"594.2","594.2"
"594.2","594"
"594.3","594.3"
"594.3","594"
"594.8","594.8"
"594.8","594"
"595","595"
"596","596"
"596.1","596.1"
"596.1","596"
"596.5","596.5"
"596.5","596"
"597","597"
"597.1","597.1"
"597.1","597"
"597.2","597.2"
"597.2","597"
"598","598"
"598.9","598.9"
"598.9","598"
"599","599"
"599.1","599.1"
"599.1","599"
"599.2","599.2"
"599.2","599"
"599.3","599.3"
"599.3","599"
"599.4","599.4"
"599.4","599"
"599.41","599.41"
"599.41","599.4"
"599.41","599"
"599.42","599.42"
"599.42","599.4"
"599.42","599"
"599.5","599.5"
"599.5","599"
"599.6","599.6"
"599.6","599"
"599.7","599.7"
"599.7","599"
"599.8","599.8"
"599.8","599"
"599.9","599.9"
"599.9","599"
"600","600"
"601","601"
"601.3","601.3"
"601.3","601"
"601.4","601.4"
"601.4","601"
"601.8","601.8"
"601.8","601"
"602","602"
"603","603"
"603.1","603.1"
"603.1","603"
"603.2","603.2"
"603.2","603"
"603.3","603.3"
"603.3","603"
"603.4","603.4"
"603.4","603"
"604","604"
"604.1","604.1"
"604.1","604"
"605","605"
"608","608"
"609","609"
"610","610"
"610.1","610.1"
"610.1","610"
"610.2","610.2"
"610.2","610"
"610.4","610.4"
"610.4","610"
"610.8","610.8"
"610.8","610"
"611","611"
"611.1","611.1"
"611.1","611"
"611.3","611.3"
"611.3","611"
"612","612"
"612.1","612.1"
"612.1","612"
"612.2","612.2"
"612.2","612"
"612.3","612.3"
"612.3","612"
"613","613"
"613.1","613.1"
"613.1","613"
"613.5","613.5"
"613.5","613"
"613.7","613.7"
"613.7","613"
"613.8","613.8"
"613.8","613"
"613.9","613.9"
"613.9","613"
"614","614"
"614.1","614.1"
"614.1","614"
"614.3","614.3"
"614.3","614"
"614.31","614.31"
"614.31","614.3"
"614.31","614"
"614.32","614.32"
"614.32","614.3"
"614.32","614"
"614.33","614.33"
"614.33","614.3"
"614.33","614"
"614.4","614.4"
"614.4","614"
"614.5","614.5"
"614.5","614"
"614.51","614.51"
"614.51","614.5"
"614.51","614"
"614.52","614.52"
"614.52","614.5"
"614.52","614"
"614.53","614.53"
"614.53","614.5"
"614.53","614"
"614.54","614.54"
"614.54","614.5"
"614.54","614"
"615","615"
"617","617"
"618","618"
"619","619"
"619.1","619.1"
"619.1","619"
"619.2","619.2"
"619.2","619"
"619.3","619.3"
"619.3","619"
"619.4","619.4"
"619.4","619"
"619.5","619.5"
"619.5","619"
"622","622"
"623","623"
"624","624"
"624.9","624.9"
"624.9","624"
"625","625"
"625.1","625.1"
"625.1","625"
"626","626"
"626.1","626.1"
"626.1","626"
"626.11","626.11"
"626.11","626.1"
"626.11","626"
"626.12","626.12"
"626.12","626.1"
"626.12","626"
"626.13","626.13"
"626.13","626.1"
"626.13","626"
"626.14","626.14"
"626.14","626.1"
"626.14","626"
"626.15","626.15"
"626.15","626.1"
"626.15","626"
"626.2","626.2"
"626.2","626"
"626.21","626.21"
"626.21","626.2"
"626.21","626"
"626.4","626.4"
"626.4","626"
"626.8","626.8"
"626.8","626"
"627","627"
"627.4","627.4"
"627.4","627"
"627.5","627.5"
"627.5","627"
"628","628"
"634","634"
"634.1","634.1"
"634.1","634"
"635","635"
"636","636"
"636.1","636.1"
"636.1","636"
"636.2","636.2"
"636.2","636"
"636.3","636.3"
"636.3","636"
"636.8","636.8"
"636.8","636"
"637","637"
"638","638"
"639","639"
"642","642"
"642.1","642.1"
"642.1","642"
"643","643"
"643.1","643.1"
"643.1","643"
"644","644"
"645","645"
"646","646"
"647","647"
"647.1","647.1"
"647.1","647"
"647.3","647.3"
"647.3","647"
"649","649"
"649.1","649.1"
"649.1","649"
"650","650"
"651","651"
"652","652"
"653","653"
"654","654"
"654.1","654.1"
"654.1","654"
"654.2","654.2"
"654.2","654"
"655","655"
"655.1","655.1"
"655.1","655"
"656","656"
"656.1","656.1"
"656.1","656"
"656.2","656.2"
"656.2","656"
"656.21","656.21"
"656.21","656.2"
"656.21","656"
"656.22","656.22"
"656.22","656.2"
"656.22","656"
"656.23","656.23"
"656.23","656.2"
"656.23","656"
"656.26","656.26"
"656.26","656.2"
"656.26","656"
"656.261","656.261"
"656.261","656.26"
"656.261","656.2"
"656.261","656"
"656.262","656.262"
"656.262","656.26"
"656.262","656.2"
"656.262","656"
"656.263","656.263"
"656.263","656.26"
"656.263","656.2"
"656.263","656"
"656.3","656.3"
"656.3","656"
"656.31","656.31"
"656.31","656.3"
"656.31","656"
"656.32","656.32"
"656.32","656.3"
"656.32","656"
"656.33","656.33"
"656.33","656.3"
"656.33","656"
"656.34","656.34"
"656.34","656.3"
"656.34","656"
"656.35","656.35"
"656.35","656.3"
"656.35","656"
"656.36","656.36"
"656.36","656.3"
"656.36","656"
"656.37","656.37"
"656.37","656.3"
"656.37","656"
"656.38","656.38"
"656.38","656.3"
"656.38","656"
"656.39","656.39"
"656.39","656.3"
"656.39","656"
"656.3A","656.3A"
"656.3A","656.3"
"656.3A","656"
"656.4","656.4"
"656.4","656"
"656.41","656.41"
"656.41","656.4"
"656.41","656"
"656.42","656.42"
"656.42","656.4"
"656.42","656"
"656.43","656.43"
"656.43","656.4"
"656.43","656"
"656.44","656.44"
"656.44","656.4"
"656.44","656"
"656.45","656.45"
"656.45","656.4"
"656.45","656"
"656.5","656.5"
"656.5","656"
"656.51","656.51"
"656.51","656.5"
"656.51","656"
"656.52","656.52"
"656.52","656.5"
"656.52","656"
"656.53","656.53"
"656.53","656.5"
"656.53","656"
"656.54","656.54"
"656.54","656.5"
"656.54","656"
"656.55","656.55"
"656.55","656.5"
"656.55","656"
"656.56","656.56"
"656.56","656.5"
"656.56","656"
"656.6","656.6"
"656.6","656"
"656.61","656.61"
"656.61","656.6"
"656.61","656"
"656.62","656.62"
"656.62","656.6"
"656.62","656"
"656.63","656.63"
"656.63","656.6"
"656.63","656"
"656.64","656.64"
"656.64","656.6"
"656.64","656"
"656.65","656.65"
"656.65","656.6"
"656.65","656"
"656.7","656.7"
"656.7","656"
"656.71","656.71"
"656.71","656.7"
"656.71","656"
"656.72","656.72"
"656.72","656.7"
"656.72","656"
"656.721","656.721"
"656.721","656.72"
"656.721","656.7"
"656.721","656"
"656.722","656.722"
"656.722","656.72"
"656.722","656.7"
"656.722","656"
"656.723","656.723"
"656.723","656.72"
"656.723","656.7"
"656.723","656"
"656.8","656.8"
"656.8","656"
"656.81","656.81"
"656.81","656.8"
"656.81","656"
"656.82","656.82"
"656.82","656.8"
"656.82","656"
"656.9","656.9"
"656.9","656"
"656.91","656.91"
"656.91","656.9"
"656.91","656"
"656.92","656.92"
"656.92","656.9"
"656.92","656"
"656.A","656.A"
"656.A","656"
"656.B","656.B"
"656.B","656"
"656.C","656.C"
"656.C","656"
"656.D","656.D"
"656.D","656"
"656.E","656.E"
"656.E","656"
"656.F","656.F"
"656.F","656"
"657","657"
"657.1","657.1"
"657.1","657"
"657.2","657.2"
"657.2","657"
"657.3","657.3"
"657.3","657"
"657.4","657.4"
"657.4","657"
"657.5","657.5"
"657.5","657"
"657.6","657.6"
"657.6","657"
"658","658"
"658.1","658.1"
"658.1","658"
"658.2","658.2"
"658.2","658"
"658.3","658.3"
"658.3","658"
"658.4","658.4"
"658.4","658"
"658.5","658.5"
"658.5","658"
"658.6","658.6"
"658.6","658"
"658.7","658.7"
"658.7","658"
"658.8","658.8"
"658.8","658"
"658.9","658.9"
"658.9","658"
"658.A","658.A"
"658.A","658"
"658.B","658.B"
"658.B","658"
"658.C","658.C"
"658.C","658"
"658.D","658.D"
"658.D","658"
"658.E","658.E"
"658.E","658"
"658.F","658.F"
"658.F","658"
"658.G","658.G"
"658.G","658"
"658.H","658.H"
"658.H","658"
"658.I","658.I"
"658.I","658"
"658.J","658.J"
"658.J","658"
"661","661"
"661.1","661.1"
"661.1","661"
"661.2","661.2"
"661.2","661"
"661.3","661.3"
"661.3","661"
"661.4","661.4"
"661.4","661"
"661.5","661.5"
"661.5","661"
"661.6","661.6"
"661.6","661"
"663","663"
"665","665"
"668","668"
"669","669"
"671","671"
"674","674"
"676","676"
"679","679"
"681","681"
"681.1","681.1"
"681.1","681"
"681.2","681.2"
"681.2","681"
"681.3","681.3"
"681.3","681"
"681.5","681.5"
"681.5","681"
"681.6","681.6"
"681.6","681"
"681.7","681.7"
"681.7","681"
"686","686"
"686.1","686.1"
"686.1","686"
"686.2","686.2"
"686.2","686"
"686.3","686.3"
"686.3","686"
"686.4","686.4"
"686.4","686"
"686.5","686.5"
"686.5","686"
"687","687"
"687.1","687.1"
"687.1","687"
"687.2","687.2"
"687.2","687"
"687.3","687.3"
"687.3","687"
"687.4","687.4"
"687.4","687"
"689","689"
"690","690"
"690.1","690.1"
"690.1","690"
"691","691"
"691.1","691.1"
"691.1","691"
"691.3","691.3"
"691.3","691"
"694","694"
"694.1","694.1"
"694.1","694"
"694.2","694.2"
"694.2","694"
"695","695"
"695.1","695.1"
"695.1","695"
"695.2","695.2"
"695.2","695"
"695.3","695.3"
"695.3","695"
"695.4","695.4"
"695.4","695"
"695.41","695.41"
"695.41","695.4"
"695.41","695"
"695.42","695.42"
"695.42","695.4"
"695.42","695"
"695.7","695.7"
"695.7","695"
"695.8","695.8"
"695.8","695"
"695.81","695.81"
"695.81","695.8"
"695.81","695"
"695.9","695.9"
"695.9","695"
"696","696"
"696.2","696.2"
"696.2","696"
"696.3","696.3"
"696.3","696"
"696.4","696.4"
"696.4","696"
"696.41","696.41"
"696.41","696.4"
"696.41","696"
"696.42","696.42"
"696.42","696.4"
"696.42","696"
"697","697"
"698","698"
"700","700"
"701","701"
"701.1","701.1"
"701.1","701"
"701.2","701.2"
"701.2","701"
"701.3","701.3"
"701.3","701"
"701.4","701.4"
"701.4","701"
"701.5","701.5"
"701.5","701"
"701.6","701.6"
"701.6","701"
"702","702"
"702.1","702.1"
"702.1","702"
"702.2","702.2"
"702.2","702"
"702.4","702.4"
"702.4","702"
"703","703"
"703.1","703.1"
"703.1","703"
"704","704"
"704.1","704.1"
"704.1","704"
"704.11","704.11"
"704.11","704.1"
"704.11","704"
"704.12","704.12"
"704.12","704.1"
"704.12","704"
"704.2","704.2"
"704.2","704"
"704.8","704.8"
"704.8","704"
"705","705"
"705.1","705.1"
"705.1","705"
"705.3","705.3"
"705.3","705"
"705.8","705.8"
"705.8","705"
"706","706"
"706.1","706.1"
"706.1","706"
"706.2","706.2"
"706.2","706"
"706.3","706.3"
"706.3","706"
"706.8","706.8"
"706.8","706"
"707","707"
"709","709"
"709.2","709.2"
"709.2","709"
"709.3","709.3"
"709.3","709"
"709.5","709.5"
"709.5","709"
"709.6","709.6"
"709.6","709"
"709.7","709.7"
"709.7","709"
"710","710"
"710.1","710.1"
"710.1","710"
"710.11","710.11"
"710.11","710.1"
"710.11","710"
"710.12","710.12"
"710.12","710.1"
"710.12","710"
"710.19","710.19"
"710.19","710.1"
"710.19","710"
"710.2","710.2"
"710.2","710"
"711","711"
"711.1","711.1"
"711.1","711"
"711.2","711.2"
"711.2","711"
"711.3","711.3"
"711.3","711"
"712","712"
"713","713"
"714","714"
"714.1","714.1"
"714.1","714"
"714.2","714.2"
"714.2","714"
"714.21","714.21"
"714.21","714.2"
"714.21","714"
"714.22","714.22"
"714.22","714.2"
"714.22","714"
"714.23","714.23"
"714.23","714.2"
"714.23","714"
"715","715"
"715.1","715.1"
"715.1","715"
"715.2","715.2"
"715.2","715"
"716","716"
"716.1","716.1"
"716.1","716"
"716.2","716.2"
"716.2","716"
"716.9","716.9"
"716.9","716"
"717","717"
"720","720"
"720.1","720.1"
"720.1","720"
"721","721"
"721.1","721.1"
"721.1","721"
"721.2","721.2"
"721.2","721"
"722","722"
"723","723"
"723.1","723.1"
"723.1","723"
"724","724"
"724.1","724.1"
"724.1","724"
"724.2","724.2"
"724.2","724"
"724.8","724.8"
"724.8","724"
"724.9","724.9"
"724.9","724"
"726","726"
"726.1","726.1"
"726.1","726"
"726.2","726.2"
"726.2","726"
"726.3","726.3"
"726.3","726"
"726.4","726.4"
"726.4","726"
"727","727"
"727.1","727.1"
"727.1","727"
"727.2","727.2"
"727.2","727"
"727.4","727.4"
"727.4","727"
"727.5","727.5"
"727.5","727"
"727.6","727.6"
"727.6","727"
"727.7","727.7"
"727.7","727"
"727.8","727.8"
"727.8","727"
"728","728"
"728.1","728.1"
"728.1","728"
"728.2","728.2"
"728.2","728"
"728.7","728.7"
"728.7","728"
"729","729"
"729.1","729.1"
"729.1","729"
"729.3","729.3"
"729.3","729"
"729.7","729.7"
"729.7","729"
"731","731"
"732","732"
"732.1","732.1"
"732.1","732"
"732.2","732.2"
"732.2","732"
"732.7","732.7"
"732.7","732"
"733","733"
"733.2","733.2"
"733.2","733"
"733.4","733.4"
"733.4","733"
"733.6","733.6"
"733.6","733"
"733.8","733.8"
"733.8","733"
"733.9","733.9"
"733.9","733"
"735","735"
"735.1","735.1"
"735.1","735"
"735.2","735.2"
"735.2","735"
"735.21","735.21"
"735.21","735.2"
"735.21","735"
"735.22","735.22"
"735.22","735.2"
"735.22","735"
"735.3","735.3"
"735.3","735"
"736","736"
"736.1","736.1"
"736.1","736"
"736.2","736.2"
"736.2","736"
"736.3","736.3"
"736.3","736"
"736.4","736.4"
"736.4","736"
"736.41","736.41"
"736.41","736.4"
"736.41","736"
"736.42","736.42"
"736.42","736.4"
"736.42","736"
"736.5","736.5"
"736.5","736"
"736.6","736.6"
"736.6","736"
"737","737"
"737.1","737.1"
"737.1","737"
"737.2","737.2"
"737.2","737"
"737.3","737.3"
"737.3","737"
"737.4","737.4"
"737.4","737"
"738","738"
"738.4","738.4"
"738.4","738"
"739","739"
"740","740"
"740.1","740.1"
"740.1","740"
"740.11","740.11"
"740.11","740.1"
"740.11","740"
"740.12","740.12"
"740.12","740.1"
"740.12","740"
"740.9","740.9"
"740.9","740"
"741","741"
"741.1","741.1"
"741.1","741"
"741.2","741.2"
"741.2","741"
"741.3","741.3"
"741.3","741"
"741.4","741.4"
"741.4","741"
"741.5","741.5"
"741.5","741"
"741.6","741.6"
"741.6","741"
"742","742"
"742.1","742.1"
"742.1","742"
"742.2","742.2"
"742.2","742"
"742.8","742.8"
"742.8","742"
"742.9","742.9"
"742.9","742"
"743","743"
"743.1","743.1"
"743.1","743"
"743.11","743.11"
"743.11","743.1"
"743.11","743"
"743.13","743.13"
"743.13","743.1"
"743.13","743"
"743.2","743.2"
"743.2","743"
"743.21","743.21"
"743.21","743.2"
"743.21","743"
"743.22","743.22"
"743.22","743.2"
"743.22","743"
"743.4","743.4"
"743.4","743"
"743.9","743.9"
"743.9","743"
"745","745"
"747","747"
"747.1","747.1"
"747.1","747"
"747.11","747.11"
"747.11","747.1"
"747.11","747"
"747.111","747.111"
"747.111","747.11"
"747.111","747.1"
"747.111","747"
"747.1111","747.1111"
"747.1111","747.111"
"747.1111","747.11"
"747.1111","747.1"
"747.1111","747"
"747.1112","747.1112"
"747.1112","747.111"
"747.1112","747.11"
"747.1112","747.1"
"747.1112","747"
"747.1113","747.1113"
"747.1113","747.111"
"747.1113","747.11"
"747.1113","747.1"
"747.1113","747"
"747.11131","747.11131"
"747.11131","747.1113"
"747.11131","747.111"
"747.11131","747.11"
"747.11131","747.1"
"747.11131","747"
"747.11132","747.11132"
"747.11132","747.1113"
"747.11132","747.111"
"747.11132","747.11"
"747.11132","747.1"
"747.11132","747"
"747.11133","747.11133"
"747.11133","747.1113"
"747.11133","747.111"
"747.11133","747.11"
"747.11133","747.1"
"747.11133","747"
"747.112","747.112"
"747.112","747.11"
"747.112","747.1"
"747.112","747"
"747.113","747.113"
"747.113","747.11"
"747.113","747.1"
"747.113","747"
"747.114","747.114"
"747.114","747.11"
"747.114","747.1"
"747.114","747"
"747.115","747.115"
"747.115","747.11"
"747.115","747.1"
"747.115","747"
"747.1151","747.1151"
"747.1151","747.115"
"747.1151","747.11"
"747.1151","747.1"
"747.1151","747"
"747.1152","747.1152"
"747.1152","747.115"
"747.1152","747.11"
"747.1152","747.1"
"747.1152","747"
"747.116","747.116"
"747.116","747.11"
"747.116","747.1"
"747.116","747"
"747.117","747.117"
"747.117","747.11"
"747.117","747.1"
"747.117","747"
"747.118","747.118"
"747.118","747.11"
"747.118","747.1"
"747.118","747"
"747.119","747.119"
"747.119","747.11"
"747.119","747.1"
"747.119","747"
"747.1191","747.1191"
"747.1191","747.119"
"747.1191","747.11"
"747.1191","747.1"
"747.1191","747"
"747.1192","747.1192"
"747.1192","747.119"
"747.1192","747.11"
"747.1192","747.1"
"747.1192","747"
"747.12","747.12"
"747.12","747.1"
"747.12","747"
"747.121","747.121"
"747.121","747.12"
"747.121","747.1"
"747.121","747"
"747.1211","747.1211"
"747.1211","747.121"
"747.1211","747.12"
"747.1211","747.1"
"747.1211","747"
"747.1212","747.1212"
"747.1212","747.121"
"747.1212","747.12"
"747.1212","747.1"
"747.1212","747"
"747.1213","747.1213"
"747.1213","747.121"
"747.1213","747.12"
"747.1213","747.1"
"747.1213","747"
"747.122","747.122"
"747.122","747.12"
"747.122","747.1"
"747.122","747"
"747.1221","747.1221"
"747.1221","747.122"
"747.1221","747.12"
"747.1221","747.1"
"747.1221","747"
"747.1222","747.1222"
"747.1222","747.122"
"747.1222","747.12"
"747.1222","747.1"
"747.1222","747"
"747.123","747.123"
"747.123","747.12"
"747.123","747.1"
"747.123","747"
"747.1231","747.1231"
"747.1231","747.123"
"747.1231","747.12"
"747.1231","747.1"
"747.1231","747"
"747.1232","747.1232"
"747.1232","747.123"
"747.1232","747.12"
"747.1232","747.1"
"747.1232","747"
"747.124","747.124"
"747.124","747.12"
"747.124","747.1"
"747.124","747"
"747.125","747.125"
"747.125","747.12"
"747.125","747.1"
"747.125","747"
"747.126","747.126"
"747.126","747.12"
"747.126","747.1"
"747.126","747"
"747.127","747.127"
"747.127","747.12"
"747.127","747.1"
"747.127","747"
"747.128","747.128"
"747.128","747.12"
"747.128","747.1"
"747.128","747"
"747.13","747.13"
"747.13","747.1"
"747.13","747"
"747.131","747.131"
"747.131","747.13"
"747.131","747.1"
"747.131","747"
"747.132","747.132"
"747.132","747.13"
"747.132","747.1"
"747.132","747"
"747.133","747.133"
"747.133","747.13"
"747.133","747.1"
"747.133","747"
"747.134","747.134"
"747.134","747.13"
"747.134","747.1"
"747.134","747"
"747.135","747.135"
"747.135","747.13"
"747.135","747.1"
"747.135","747"
"747.136","747.136"
"747.136","747.13"
"747.136","747.1"
"747.136","747"
"747.1361","747.1361"
"747.1361","747.136"
"747.1361","747.13"
"747.1361","747.1"
"747.1361","747"
"747.1362","747.1362"
"747.1362","747.136"
"747.1362","747.13"
"747.1362","747.1"
"747.1362","747"
"747.137","747.137"
"747.137","747.13"
"747.137","747.1"
"747.137","747"
"747.138","747.138"
"747.138","747.13"
"747.138","747.1"
"747.138","747"
"747.139","747.139"
"747.139","747.13"
"747.139","747.1"
"747.139","747"
"747.1391","747.1391"
"747.1391","747.139"
"747.1391","747.13"
"747.1391","747.1"
"747.1391","747"
"747.1392","747.1392"
"747.1392","747.139"
"747.1392","747.13"
"747.1392","747.1"
"747.1392","747"
"747.14","747.14"
"747.14","747.1"
"747.14","747"
"747.15","747.15"
"747.15","747.1"
"747.15","747"
"747.16","747.16"
"747.16","747.1"
"747.16","747"
"747.17","747.17"
"747.17","747.1"
"747.17","747"
"747.2","747.2"
"747.2","747"
"747.3","747.3"
"747.3","747"
"748","748"
"748.1","748.1"
"748.1","748"
"748.2","748.2"
"748.2","748"
"748.3","748.3"
"748.3","748"
"749","749"
"749.1","749.1"
"749.1","749"
"749.11","749.11"
"749.11","749.1"
"749.11","749"
"749.12","749.12"
"749.12","749.1"
"749.12","749"
"749.13","749.13"
"749.13","749.1"
"749.13","749"
"749.2","749.2"
"749.2","749"
"749.3","749.3"
"749.3","749"
"749.4","749.4"
"749.4","749"
"749.5","749.5"
"749.5","749"
"749.6","749.6"
"749.6","749"
"749.7","749.7"
"749.7","749"
"750","750"
"750.1","750.1"
"750.1","750"
"750.11","750.11"
"750.11","750.1"
"750.11","750"
"750.13","750.13"
"750.13","750.1"
"750.13","750"
"750.131","750.131"
"750.131","750.13"
"750.131","750.1"
"750.131","750"
"750.132","750.132"
"750.132","750.13"
"750.132","750.1"
"750.132","750"
"750.133","750.133"
"750.133","750.13"
"750.133","750.1"
"750.133","750"
"750.134","750.134"
"750.134","750.13"
"750.134","750.1"
"750.134","750"
"750.135","750.135"
"750.135","750.13"
"750.135","750.1"
"750.135","750"
"750.136","750.136"
"750.136","750.13"
"750.136","750.1"
"750.136","750"
"750.14","750.14"
"750.14","750.1"
"750.14","750"
"750.15","750.15"
"750.15","750.1"
"750.15","750"
"750.151","750.151"
"750.151","750.15"
"750.151","750.1"
"750.151","750"
"750.152","750.152"
"750.152","750.15"
"750.152","750.1"
"750.152","750"
"750.2","750.2"
"750.2","750"
"750.21","750.21"
"750.21","750.2"
"750.21","750"
"750.211","750.211"
"750.211","750.21"
"750.211","750.2"
"750.211","750"
"750.212","750.212"
"750.212","750.21"
"750.212","750.2"
"750.212","750"
"750.213","750.213"
"750.213","750.21"
"750.213","750.2"
"750.213","750"
"750.214","750.214"
"750.214","750.21"
"750.214","750.2"
"750.214","750"
"750.215","750.215"
"750.215","750.21"
"750.215","750.2"
"750.215","750"
"750.216","750.216"
"750.216","750.21"
"750.216","750.2"
"750.216","750"
"750.22","750.22"
"750.22","750.2"
"750.22","750"
"750.221","750.221"
"750.221","750.22"
"750.221","750.2"
"750.221","750"
"750.222","750.222"
"750.222","750.22"
"750.222","750.2"
"750.222","750"
"750.223","750.223"
"750.223","750.22"
"750.223","750.2"
"750.223","750"
"750.224","750.224"
"750.224","750.22"
"750.224","750.2"
"750.224","750"
"750.225","750.225"
"750.225","750.22"
"750.225","750.2"
"750.225","750"
"750.5","750.5"
"750.5","750"
"751","751"
"751.1","751.1"
"751.1","751"
"751.11","751.11"
"751.11","751.1"
"751.11","751"
"751.111","751.111"
"751.111","751.11"
"751.111","751.1"
"751.111","751"
"751.112","751.112"
"751.112","751.11"
"751.112","751.1"
"751.112","751"
"751.113","751.113"
"751.113","751.11"
"751.113","751.1"
"751.113","751"
"751.12","751.12"
"751.12","751.1"
"751.12","751"
"751.121","751.121"
"751.121","751.12"
"751.121","751.1"
"751.121","751"
"751.122","751.122"
"751.122","751.12"
"751.122","751.1"
"751.122","751"
"751.123","751.123"
"751.123","751.12"
"751.123","751.1"
"751.123","751"
"751.124","751.124"
"751.124","751.12"
"751.124","751.1"
"751.124","751"
"751.125","751.125"
"751.125","751.12"
"751.125","751.1"
"751.125","751"
"751.126","751.126"
"751.126","751.12"
"751.126","751.1"
"751.126","751"
"751.127","751.127"
"751.127","751.12"
"751.127","751.1"
"751.127","751"
"751.128","751.128"
"751.128","751.12"
"751.128","751.1"
"751.128","751"
"751.13","751.13"
"751.13","751.1"
"751.13","751"
"751.2","751.2"
"751.2","751"
"751.21","751.21"
"751.21","751.2"
"751.21","751"
"751.22","751.22"
"751.22","751.2"
"751.22","751"
"751.221","751.221"
"751.221","751.22"
"751.221","751.2"
"751.221","751"
"751.222","751.222"
"751.222","751.22"
"751.222","751.2"
"751.222","751"
"751.23","751.23"
"751.23","751.2"
"751.23","751"
"751.3","751.3"
"751.3","751"
"752","752"
"752.1","752.1"
"752.1","752"
"752.11","752.11"
"752.11","752.1"
"752.11","752"
"752.2","752.2"
"752.2","752"
"752.21","752.21"
"752.21","752.2"
"752.21","752"
"752.22","752.22"
"752.22","752.2"
"752.22","752"
"752.23","752.23"
"752.23","752.2"
"752.23","752"
"752.24","752.24"
"752.24","752.2"
"752.24","752"
"752.25","752.25"
"752.25","752.2"
"752.25","752"
"752.26","752.26"
"752.26","752.2"
"752.26","752"
"753","753"
"753.1","753.1"
"753.1","753"
"753.2","753.2"
"753.2","753"
"754","754"
"754.1","754.1"
"754.1","754"
"754.2","754.2"
"754.2","754"
"755","755"
"755.1","755.1"
"755.1","755"
"755.3","755.3"
"755.3","755"
"755.4","755.4"
"755.4","755"
"755.6","755.6"
"755.6","755"
"755.61","755.61"
"755.61","755.6"
"755.61","755"
"756","756"
"756.1","756.1"
"756.1","756"
"756.11","756.11"
"756.11","756.1"
"756.11","756"
"756.12","756.12"
"756.12","756.1"
"756.12","756"
"756.13","756.13"
"756.13","756.1"
"756.13","756"
"756.14","756.14"
"756.14","756.1"
"756.14","756"
"756.2","756.2"
"756.2","756"
"756.21","756.21"
"756.21","756.2"
"756.21","756"
"756.22","756.22"
"756.22","756.2"
"756.22","756"
"756.3","756.3"
"756.3","756"
"756.4","756.4"
"756.4","756"
"756.5","756.5"
"756.5","756"
"756.51","756.51"
"756.51","756.5"
"756.51","756"
"756.52","756.52"
"756.52","756.5"
"756.52","756"
"757","757"
"758","758"
"758.1","758.1"
"758.1","758"
"758.11","758.11"
"758.11","758.1"
"758.11","758"
"758.12","758.12"
"758.12","758.1"
"758.12","758"
"758.13","758.13"
"758.13","758.1"
"758.13","758"
"758.14","758.14"
"758.14","758.1"
"758.14","758"
"758.15","758.15"
"758.15","758.1"
"758.15","758"
"758.16","758.16"
"758.16","758.1"
"758.16","758"
"758.17","758.17"
"758.17","758.1"
"758.17","758"
"758.18","758.18"
"758.18","758.1"
"758.18","758"
"758.19","758.19"
"758.19","758.1"
"758.19","758"
"758.1A","758.1A"
"758.1A","758.1"
"758.1A","758"
"758.1B","758.1B"
"758.1B","758.1"
"758.1B","758"
"758.1C","758.1C"
"758.1C","758.1"
"758.1C","758"
"758.1D","758.1D"
"758.1D","758.1"
"758.1D","758"
"758.1E","758.1E"
"758.1E","758.1"
"758.1E","758"
"758.2","758.2"
"758.2","758"
"758.3","758.3"
"758.3","758"
"758.4","758.4"
"758.4","758"
"759","759"
"759.1","759.1"
"759.1","759"
"759.2","759.2"
"759.2","759"
"759.3","759.3"
"759.3","759"
"759.4","759.4"
"759.4","759"
"760","760"
"761","761"
"763","763"
"764","764"
"765","765"
"766","766"
"767","767"
"769","769"
"770","770"
"771","771"
"771.1","771.1"
"771.1","771"
"771.2","771.2"
"771.2","771"
"772","772"
"772.1","772.1"
"772.1","772"
"772.2","772.2"
"772.2","772"
"772.3","772.3"
"772.3","772"
"772.4","772.4"
"772.4","772"
"772.6","772.6"
"772.6","772"
"773","773"
"780","780"
"781","781"
"781.1","781.1"
"781.1","781"
"781.2","781.2"
"781.2","781"
"782","782"
"782.3","782.3"
"782.3","782"
"782.6","782.6"
"782.6","782"
"783","783"
"783.1","783.1"
"783.1","783"
"785","785"
"788","788"
"789","789"
"789.1","789.1"
"789.1","789"
"790","790"
"790.1","790.1"
"790.1","790"
"790.6","790.6"
"790.6","790"
"790.8","790.8"
"790.8","790"
"790.9","790.9"
"790.9","790"
"791","791"
"792","792"
"792.1","792.1"
"792.1","792"
"793","793"
"793.2","793.2"
"793.2","793"
"794","794"
"795","795"
"797","797"
"797.1","797.1"
"797.1","797"
"798","798"
"798.1","798.1"
"798.1","798"
"799","799"
"800","800"
"800.1","800.1"
"800.1","800"
"800.2","800.2"
"800.2","800"
"800.3","800.3"
"800.3","800"
"800.4","800.4"
"800.4","800"
"801","801"
"801.1","801.1"
"801.1","801"
"802","802"
"803","803"
"803.1","803.1"
"803.1","803"
"803.2","803.2"
"803.2","803"
"803.21","803.21"
"803.21","803.2"
"803.21","803"
"803.3","803.3"
"803.3","803"
"804","804"
"805","805"
"807","807"
"809","809"
"816","816"
"817","817"
"818","818"
"818.1","818.1"
"818.1","818"
"818.2","818.2"
"818.2","818"
"819","819"
"823","823"
"830","830"
"835","835"
"836","836"
"840","840"
"840.2","840.2"
"840.2","840"
"840.3","840.3"
"840.3","840"
"841","841"
"842","842"
"850","850"
"851","851"
"853","853"
"854","854"
"855","855"
"856","856"
"857","857"
"858","858"
"859","859"
"860","860"
"870","870"
"870.1","870.1"
"870.1","870"
"870.2","870.2"
"870.2","870"
"870.3","870.3"
"870.3","870"
"870.4","870.4"
"870.4","870"
"870.5","870.5"
"870.5","870"
"870.6","870.6"
"870.6","870"
"870.8","870.8"
"870.8","870"
"871","871"
"871.1","871.1"
"871.1","871"
"871.2","871.2"
"871.2","871"
"871.3","871.3"
"871.3","871"
"871.4","871.4"
"871.4","871"
"872","872"
"873","873"
"874","874"
"875","875"
"876","876"
"905","905"
"906","906"
"907","907"
"908","908"
"909","909"
"910","910"
"911","911"
"912","912"
"913","913"
"915","915"
"916","916"
"930","930"
"931","931"
"938","938"
"938.1","938.1"
"938.1","938"
"939","939"
"939.1","939.1"
"939.1","939"
"941","941"
"942","942"
"946","946"
"947","947"
"949","949"
"949.1","949.1"
"949.1","949"
"952","952"
"958","958"
"958.1","958.1"
"958.1","958"
"958.2","958.2"
"958.2","958"
"960","960"
"960.1","960.1"
"960.1","960"
"960.2","960.2"
"960.2","960"
"961","961"
"961.1","961.1"
"961.1","961"
"962","962"
"962.1","962.1"
"962.1","962"
"962.2","962.2"
"962.2","962"
"962.3","962.3"
"962.3","962"
"963","963"
"963.1","963.1"
"963.1","963"
"964","964"
"964.1","964.1"
"964.1","964"
"965","965"
"965.1","965.1"
"965.1","965"
"965.2","965.2"
"965.2","965"
"965.3","965.3"
"965.3","965"
"966","966"
"967","967"
"969","969"
"971","971"
"972","972"
"972.1","972.1"
"972.1","972"
"972.6","972.6"
"972.6","972"
"973","973"
"974","974"
"975","975"
"976","976"
"977","977"
"979","979"
"980","980"
"981","981"
"983","983"
"984","984"
"985","985"
"986","986"
"987","987"
"988","988"
"989","989"
"990","990"
"994","994"
"994.1","994.1"
"994.1","994"
"994.2","994.2"
"994.2","994"
"994.21","994.21"
"994.21","994.2"
"994.21","994"
